详情页链接,职位名,公司名,工作地点,薪资,发布时间
https://jobs.51job.com/fuzhou-tjq/110149551.html?s=01&t=0,深度学习工程师,思凯迈（福州）科技有限公司,异地招聘,1.5-2.5万/月,05-01
https://jobs.51job.com/beijing/111745561.html?s=01&t=0,深度学习工程师-北京（暑期实习生）,施耐德电气（中国）有限公司,北京,,05-01
https://jobs.51job.com/beijing/106171336.html?s=01&t=0,深度学习研发实习生,北京魔门塔科技有限公司,北京,,05-01
https://jobs.51job.com/beijing/105387065.html?s=01&t=0,深度学习技术工程师,技术创新中心,北京,,05-01
https://jobs.51job.com/beijing/112511993.html?s=01&t=0,机器学习/深度学习专家,奇虎360科技有限公司,北京,3-4万/月,05-01
https://jobs.51job.com/wuxi/110125950.html?s=01&t=0,深度学习算法工程师,无锡先导智能装备股份有限公司,异地招聘,2-3万/月,05-01
https://jobs.51job.com/beijing-hdq/111302839.html?s=01&t=0,机器/深度学习算法或应用工程师,上海奕见企业管理咨询有限公司,北京-海淀区,4-5万/月,05-01
https://jobs.51job.com/beijing/112348771.html?s=01&t=0,深度学习（图像）算法工程师,方纳企业管理咨询（广州）有限公司,北京,2-3万/月,05-01
https://jobs.51job.com/beijing-cyq/109291113.html?s=01&t=0,111261-深度学习系统研究员,平安科技（深圳）有限公司,北京-朝阳区,1.5千以下/月,05-01
https://jobs.51job.com/beijing/112234837.html?s=01&t=0,阿里妈妈事业部-大规模深度学习引擎-研发专家-北京,阿里巴巴集团,北京,,05-01
https://jobs.51job.com/beijing/97807061.html?s=01&t=0,自然语言处理（深度学习/NLP）,北京捷通华声科技股份有限公司,北京,2-4万/月,04-30
https://jobs.51job.com/beijing/96040432.html?s=01&t=0,深度学习工程师-帝派,北京神州泰岳软件股份有限公司,北京,1-1.5万/月,04-30
https://jobs.51job.com/beijing-hdq/110645847.html?s=01&t=0,深度学习算法工程师（机器视觉方向）,启迪云控(北京)科技有限公司,北京-海淀区,1-2万/月,04-30
https://jobs.51job.com/qingdao-jmq/112740269.html?s=01&t=0,深度学习工程师（外派到青岛）,古莘信息技术（广州）有限公司,异地招聘,1-1.5万/月,04-30
https://jobs.51job.com/beijing-hdq/112576907.html?s=01&t=0,深度学习工程师（应届博士）,凌云光技术集团工业视觉事业部,北京-海淀区,3-5万/月,04-30
https://jobs.51job.com/beijing-dcq/112850629.html?s=01&t=0,深度学习,北京中电易达科技有限公司,北京-东城区,1.5-2.5万/月,04-30
https://jobs.51job.com/beijing/91116849.html?s=01&t=0,计算机视觉/深度学习算法工程师,北京文安智能技术股份有限公司,北京,1.5-2万/月,04-30
https://jobs.51job.com/beijing-xcq/111177179.html?s=01&t=0,深度学习算法研究员,新华网股份有限公司,北京-西城区,2.2-2.9万/月,04-30
https://jobs.51job.com/beijing-hdq/104319062.html?s=01&t=0,智能语音-深度学习平台开发工程师,北京搜狗科技发展有限公司,北京-海淀区,2-5万/月,04-30
https://jobs.51job.com/shanghai-pdxq/111407653.html?s=01&t=0,深度学习数据通路逻辑工程师,上海赛昉科技有限公司,异地招聘,1-5万/月,04-30
https://jobs.51job.com/guangzhou-thq/107013501.html?s=01&t=0,机器视觉工程师（深度学习方向）,广东红橙云大数据有限公司,异地招聘,2-3万/月,04-30
https://jobs.51job.com/beijing-syq/109413151.html?s=01&t=0,深度学习研发工程师,维看科技（北京）有限公司,北京-顺义区,2-2.5万/月,04-29
https://jobs.51job.com/beijing-hdq/109755615.html?s=01&t=0,深度学习,北京风影车讯科技有限公司,北京-海淀区,1.5-2万/月,04-29
https://jobs.51job.com/beijing-syq/111999586.html?s=01&t=0,图像处理及深度学习工程师,航天图景（北京）科技有限公司,北京-顺义区,1.3-1.8万/月,04-29
https://jobs.51job.com/beijing-hdq/103658226.html?s=01&t=0,深度学习算法工程师,北京迪路科技有限公司,北京-海淀区,1.5-3万/月,04-29
https://jobs.51job.com/beijing-cyq/106211986.html?s=01&t=0,深度学习算法工程师,北京盛德信联科技有限公司,北京-朝阳区,1-3万/月,04-29
https://jobs.51job.com/beijing-cyq/101014691.html?s=01&t=0,医疗影像深度学习算法工程师,西安翼展电子科技有限公司,北京-朝阳区,2-4万/月,04-29
https://jobs.51job.com/beijing-cyq/105189489.html?s=01&t=0,深度学习算法工程,北京安德医智科技有限公司,北京-朝阳区,2-3.8万/月,04-29
https://jobs.51job.com/beijing-hdq/104893878.html?s=01&t=0,高性能深度学习库开发工程师 (MJ000018),上海寒武纪信息科技有限公司,北京-海淀区,20-60万/年,04-28
https://jobs.51job.com/beijing/99037386.html?s=01&t=0,深度学习研发工程师,北京文通科技有限公司,北京,1-2万/月,04-28
https://jobs.51job.com/beijing-hdq/110083246.html?s=01&t=0,深度学习算法工程师,北京英泰智科技股份有限公司,北京-海淀区,2.5-3万/月,04-26
https://jobs.51job.com/luoyang/100513871.html?s=01&t=0,深度学习工程师,中国科学院自动化研究所（洛阳）机...,异地招聘,0.7-1.5万/月,04-26
https://jobs.51job.com/beijing/104435600.html?s=01&t=0,00159-深度学习中高级工程师,新浪微博,北京,4-7万/月,04-26
https://jobs.51job.com/beijing-cyq/107074591.html?s=01&t=0,深度学习算法工程师 (MJ000208),北京推想科技有限公司,北京-朝阳区,2-4万/月,04-25
https://jobs.51job.com/beijing/86513677.html?s=01&t=0,图像算法工程师（深度学习）,北京理工雷科电子信息技术有限公司,北京,12-18万/年,04-25
https://jobs.51job.com/dalian-gjzq/109108468.html?s=01&t=0,机器学习/深度学习,上海连世数字技术有限公司大连分公司,异地招聘,1.5-2万/月,04-24
https://jobs.51job.com/beijing/111381634.html?s=01&t=0,深度学习算法工程师,北京合力联创科技有限公司,北京,2-5万/月,04-03
https://jobs.51job.com/beijing-xcq/111957879.html?s=01&t=0,深度学习算法工程师,四川艾科纳网络科技有限公司,北京-西城区,3-4万/月,03-30
https://jobs.51job.com/beijing-cyq/110626733.html?s=01&t=0,深度学习算法工程师,全美测评软件系统（北京）有限公司,北京-朝阳区,1-3万/月,03-29
https://jobs.51job.com/beijing-hdq/111736138.html?s=01&t=0,深度学习算法工程师,中国科学院自动化研究所,北京-海淀区,1-1.5万/月,03-24
https://jobs.51job.com/beijing-hdq/99928550.html?s=01&t=0,深度学习开发工程师,北京心联光电科技有限公司,北京-海淀区,30-40万/年,03-14
https://jobs.51job.com/beijing-cpq/110623935.html?s=01&t=0,00101-深度学习算法研究员,北京智行者科技有限公司,北京-昌平区,3-5万/月,03-12
https://jobs.51job.com/beijing/111236240.html?s=01&t=0,深度学习解决方案架构师,英伟达半导体（上海）有限公司(NV...,北京,,03-11
https://jobs.51job.com/beijing-hdq/110381563.html?s=01&t=0,深度学习算法工程师,北京彩云环太平洋科技有限公司,北京-海淀区,1.5-2.8万/月,03-01
https://jobs.51job.com/beijing-cyq/113109264.html?s=01&t=0,气象算法工程师(J10554),朗新科技股份有限公司,北京-朝阳区,1-1.5万/月,05-01
https://jobs.51job.com/beijing/108676596.html?s=01&t=0,普惠金融数据工程师,中航信托股份有限公司,北京,,05-01
https://jobs.51job.com/beijing-hdq/105322570.html?s=01&t=0,项目工程师-应届生,中公高科养护科技股份有限公司,北京-海淀区,6-8千/月,05-01
https://jobs.51job.com/beijing-hdq/99454904.html?s=01&t=0,AI算法工程师,北京嘉楠捷思信息技术有限公司,北京-海淀区,2-2.5万/月,05-01
https://jobs.51job.com/beijing-xcq/113071027.html?s=01&t=0,机器学习图像算法工程师,北京天下图空间信息技术有限公司,北京-西城区,1.5-3万/月,05-01
https://jobs.51job.com/beijing-hdq/113065454.html?s=01&t=0,图像算法工程师（人脸方向）,湖北微模式科技发展有限公司,北京-海淀区,2-5万/月,05-01
https://jobs.51job.com/beijing-hdq/113029002.html?s=01&t=0,算法工程师,北京欣博电子科技有限公司,北京-海淀区,1.5-3万/月,05-01
https://jobs.51job.com/beijing/112748243.html?s=01&t=0,014 研发实习生-电力电子方向,ABB(中国)有限公司,北京,,05-01
https://jobs.51job.com/beijing-hdq/112396243.html?s=01&t=0,安全研究员（初、中、高级）,中电长城网际系统应用有限公司,北京-海淀区,1-2万/月,05-01
https://jobs.51job.com/beijing/112274138.html?s=01&t=0,算法工程师（北京）,中国电信股份有限公司上海分公司,北京,1-1.5万/月,05-01
https://jobs.51job.com/beijing/112241598.html?s=01&t=0,AI Lab DGL实习生,亚马逊（中国）投资有限公司,北京,,05-01
https://jobs.51job.com/beijing/112171237.html?s=01&t=0,驻站博士后,北京海鑫科金高科技股份有限公司,北京,1.5-2.5万/月,05-01
https://jobs.51job.com/beijing/111853982.html?s=01&t=0,爱迪生工程技术培训项目（EEDP)-北京/无锡,GE中国,北京,,05-01
https://jobs.51job.com/beijing/111750235.html?s=01&t=0,Machine Learning/AI Engineer,高通无线通信技术（中国）有限公司,北京,,05-01
https://jobs.51job.com/beijing/111413617.html?s=01&t=0,算法工程师,北京蜜莱坞网络科技有限公司,北京,,05-01
https://jobs.51job.com/beijing/111012083.html?s=01&t=0,算法工程师-网络与信息安全研究院-云安全研究所,上海研究院,北京,,05-01
https://jobs.51job.com/beijing/110801722.html?s=01&t=0,图像算法实习生,软件开发,北京,,05-01
https://jobs.51job.com/beijing/110715745.html?s=01&t=0,算法工程师,中国移动通信集团设计院有限公司,北京,,05-01
https://jobs.51job.com/beijing/110112124.html?s=01&t=0,0007算法工程师（北京）,上海研究院,北京,,05-01
https://jobs.51job.com/beijing/110102989.html?s=01&t=0,算法工程师,北京研究院,北京,,05-01
https://jobs.51job.com/beijing-hdq/109706011.html?s=01&t=0,AI算法工程师-ZDJS,北京四维图新科技股份有限公司,北京-海淀区,1.5-3万/月,05-01
https://jobs.51job.com/beijing/108431074.html?s=01&t=0,算法工程师-新奥数能,新奥集团2019 校园- 象新力招聘项目,北京,,05-01
https://jobs.51job.com/beijing/106751646.html?s=01&t=0,人工智能及网络优化运维技术研发,移动设计院网研中心,北京,,05-01
https://jobs.51job.com/beijing/106202813.html?s=01&t=0,11网络安全研究员（人工智能方向/大数据方向）,兴唐通信科技有限公司,北京,,05-01
https://jobs.51job.com/beijing/106162685.html?s=01&t=0,安全算法工程师(000403)（北京）,软件与服务中心,北京,,05-01
https://jobs.51job.com/beijing/105787242.html?s=01&t=0,软件开发,中信百信银行股份有限公司,北京,,05-01
https://jobs.51job.com/beijing-dcq/78612270.html?s=01&t=0,Python开发工程师（产品研发）,北京东方金信科技有限公司,北京-东城区,0.8-1.5万/月,05-01
https://jobs.51job.com/beijing/113038735.html?s=01&t=0,AI测试高级研究员,联想集团,北京,,05-01
https://jobs.51job.com/hangzhou-xhq/109356772.html?s=01&t=0,自然语言算法工程师,vivo智能手机（维沃移动通信有限公...,异地招聘,4-5万/月,05-01
https://jobs.51job.com/ningbo-yzq/111374553.html?s=01&t=0,编译器工程师,苏州中科先进技术研究院有限公司,异地招聘,1.5-5.5万/月,05-01
https://jobs.51job.com/beijing-hdq/107858307.html?s=01&t=0,产品经理（社招）,兴唐通信科技有限公司,北京-海淀区,1-3万/月,05-01
https://jobs.51job.com/beijing/110059082.html?s=01&t=0,机器学习实习生,完美世界（北京）总部/完美时空,北京,6-8千/月,05-01
http://career.h3c.com/sc/show_job_detail.php?jobid=102613818,大数据算法工程师,新华三技术有限公司,异地招聘,1.5-2万/月,05-01
https://jobs.51job.com/beijing/112168572.html?s=01&t=0,CSIG16-POI数据策略高级工程师,深圳市腾讯计算机系统有限公司,北京,,05-01
https://jobs.51job.com/nanjing-pkq/113040268.html?s=01&t=0,人工智能算法工程师,南京星火技术有限公司,异地招聘,1-2万/月,05-01
https://jobs.51job.com/beijing-cpq/113022524.html?s=01&t=0,首席科学家,谷东科技有限公司,北京-昌平区,100-200万/年,05-01
https://jobs.51job.com/shenzhen-lgq/113021825.html?s=01&t=0,软件开发工程师,广东医之云健康产业有限公司,异地招聘,1-2.5万/月,05-01
https://jobs.51job.com/beijing/113021802.html?s=01&t=0,图像算法工程师,北明智通（北京）科技有限公司,北京,1.5-2万/月,05-01
https://jobs.51job.com/beijing-cyq/112974120.html?s=01&t=0,NLP算法工程师,美团点评,北京-朝阳区,3-4万/月,05-01
https://jobs.51job.com/beijing-cpq/112806957.html?s=01&t=0,大客户部销售经理,北京译图智讯科技有限公司,北京-昌平区,0.8-1万/月,05-01
https://jobs.51job.com/beijing-hdq/111528736.html?s=01&t=0,图像处理算法工程师,北京星云互联科技有限公司,北京-海淀区,1.5-2.5万/月,05-01
https://jobs.51job.com/beijing-cpq/108855251.html?s=01&t=0,2019非北京生源毕业生引进--算法工程师,北京中盾安民分析技术有限公司,北京-昌平区,1-1.5万/月,05-01
https://jobs.51job.com/beijing-hdq/108647981.html?s=01&t=0,AI算法工程师,美亚宏信（北京）信息技术有限公司,北京-海淀区,1.5-3万/月,05-01
https://jobs.51job.com/beijing/112750349.html?s=01&t=0,自然语言处理语音交互方向工程师-AI Lab,字节跳动,北京,2-4万/月,04-30
https://jobs.51job.com/beijing/110723839.html?s=01&t=0,解决方案工程师(002120),东方网力科技股份有限公司,北京,1.5-3万/月,04-30
https://jobs.51job.com/beijing-hdq/109561098.html?s=01&t=0,算法工程师(J10127),好车酷酷二手车经纪（天津）有限公司,北京-海淀区,1.5-2万/月,04-30
https://jobs.51job.com/beijing-hdq/104378686.html?s=01&t=0,高级图像算法工程师,北京星河泰视特科技有限公司,北京-海淀区,1.5-3万/月,04-30
https://jobs.51job.com/beijing-hdq/110406169.html?s=01&t=0,对话系统算法高级工程师/资深工程师/专家,广州小鹏汽车科技有限公司,北京-海淀区,3-6万/月,04-30
https://jobs.51job.com/beijing-cyq/108905888.html?s=01&t=0,财税顾问,智阳网络技术（上海）有限公司,北京-朝阳区,0.8-1万/月,04-30
https://jobs.51job.com/beijing/112797094.html?s=01&t=0,数据分析师（影像）,上海绿谷制药有限公司,北京,2.5-3万/月,04-30
https://jobs.51job.com/shenzhen-nsq/108893937.html?s=01&t=0,Data Scientist / Algorithm Engineer,慧科讯业（北京）网络科技有限公司,异地招聘,1.5-3万/月,04-30
https://jobs.51job.com/beijing-cyq/112547587.html?s=01&t=0,后端工程师,苏州超擎图形软件科技发展有限公司,北京-朝阳区,1.5-2.5万/月,04-30
https://jobs.51job.com/beijing-hdq/111035443.html?s=01&t=0,知识图谱算法专家,广州小鹏汽车科技有限公司,北京-海淀区,40-80万/年,04-30
https://jobs.51job.com/beijing-hdq/106489279.html?s=01&t=0,推荐算法工程师,北京安德信业信息咨询有限责任公司,北京-海淀区,3-6万/月,04-30
https://jobs.51job.com/suzhou-gyyq/107132518.html?s=01&t=0,机器视觉算法副研究员,苏州中科全象智能科技有限公司,异地招聘,2-3万/月,04-30
https://jobs.51job.com/beijing-hdq/105082938.html?s=01&t=0,销售总监（图像处理/计算机视觉）,北京天睿视迅科技有限公司,北京-海淀区,1.5-3万/月,04-30
https://jobs.51job.com/beijing-cyq/104251363.html?s=01&t=0,高级算法工程师,北京优仕一方商务咨询有限公司,北京-朝阳区,2.5-4.5万/月,04-30
https://jobs.51job.com/beijing-hdq/106424186.html?s=01&t=0,机器算法实习生,北京睿科伦智能科技有限公司,北京-海淀区,200元/天,04-30
https://jobs.51job.com/beijing-dxq/112761079.html?s=01&t=0,AI人工智能工程师,上扬软件有限公司,北京-大兴区,1-3万/月,04-30
https://jobs.51job.com/beijing-hdq/111251153.html?s=01&t=0,资深基础架构工程师（云平台方向）,合肥中科类脑智能技术有限公司,北京-海淀区,4-8万/月,04-30
https://jobs.51job.com/beijing/100089028.html?s=01&t=0,数据分析师,北京恒通博联科技有限公司,北京,1-3万/月,04-30
https://jobs.51job.com/beijing-hdq/110338966.html?s=01&t=0,数据挖掘工程师,北京搜知数据科技有限公司,北京-海淀区,1.5-3万/月,04-30
https://jobs.51job.com/beijing-dcq/92673997.html?s=01&t=0,人工智能专家,嘉兴安越企业管理咨询有限公司,北京-东城区,10万以上/月,04-30
https://jobs.51job.com/beijing-cyq/112034358.html?s=01&t=0,算法工程师（ZY-T-20190326-X5）0865,太极计算机股份有限公司,北京-朝阳区,1-1.5万/月,04-30
https://jobs.51job.com/beijing-dxq/100254119.html?s=01&t=0,机器学习算法工程师,北京四海华辰科技有限公司,北京-大兴区,2-3.5万/月,04-30
https://jobs.51job.com/beijing/112281731.html?s=01&t=0,智能/无人驾驶adas研发,年享人力资源管理（上海）有限公司,北京,5-7万/月,04-30
https://jobs.51job.com/beijing-hdq/105725884.html?s=01&t=0,NLP算法工程师,郑州金惠计算机系统工程有限公司,北京-海淀区,1.5-2万/月,04-30
https://jobs.51job.com/beijing-hdq/93111377.html?s=01&t=0,java 高级开发工程师,北京楚天龙科技发展有限公司,北京-海淀区,1.5-2万/月,04-30
https://jobs.51job.com/beijing/105286516.html?s=01&t=0,解决方案架构师（大数据）,优刻得科技股份有限公司,北京,2-2.5万/月,04-30
https://jobs.51job.com/beijing/109408973.html?s=01&t=0,人工智能、自然语言处理架构师,中国电子科技集团公司第十五研究所...,北京,2.5-4.2万/月,04-30
https://jobs.51job.com/beijing-cyq/111947095.html?s=01&t=0,遥感算法数据分析师,北京天合睿创科技有限公司,北京-朝阳区,1.5-3万/月,04-30
https://jobs.51job.com/beijing-fsq/104687037.html?s=01&t=0,机器学习/人工智能讲师,北京网络职业学院,北京-房山区,1.8-2.5万/月,04-30
https://jobs.51job.com/beijing-cyq/109975807.html?s=01&t=0,人工智能实习生,瑞泰新时代（北京）科技有限公司,北京-朝阳区,2-4千/月,04-30
https://jobs.51job.com/beijing-hdq/108404190.html?s=01&t=0,语音工程师,竹间智能科技（上海）有限公司,北京-海淀区,3-4万/月,04-30
https://jobs.51job.com/beijing-cyq/103803423.html?s=01&t=0,大数据开发工程师,美团点评,北京-朝阳区,2-4万/月,04-30
https://jobs.51job.com/beijing/109405963.html?s=01&t=0,图像算法工程师,杭州永创智能设备股份有限公司,北京,1-2.5万/月,04-30
https://jobs.51job.com/beijing-cpq/79904581.html?s=01&t=0,人工智能算法优化工程师,纵目科技（上海）股份有限公司,北京-昌平区,40-50万/年,04-30
https://jobs.51job.com/suzhou-gyyq/112673306.html?s=01&t=0,AI工程师,上海鹰空网络科技有限公司苏州分公司,异地招聘,3-4万/月,04-30
https://jobs.51job.com/hangzhou-yhq/112638707.html?s=01&t=0,量化算法工程师,杭州奥昇数据科技有限公司,异地招聘,30-40万/年,04-30
https://jobs.51job.com/beijing-cyq/112501414.html?s=01&t=0,图像识别算法工程师,德联易控科技（北京）有限公司,北京-朝阳区,2.5-3.5万/月,04-30
https://jobs.51job.com/beijing-xcq/104862631.html?s=01&t=0,算法工程师（医疗AI）,通用环球医疗集团有限公司,北京-西城区,2.5-5万/月,04-30
https://jobs.51job.com/beijing-hdq/110429065.html?s=01&t=0,医学英文编辑,北京立文悉通医药信息咨询中心,北京-海淀区,0.5-1.2万/月,04-30
https://jobs.51job.com/beijing-hdq/110635458.html?s=01&t=0,嵌入式系统应用软件工程师,珠海亿智电子科技有限公司,北京-海淀区,1-2万/月,04-30
https://jobs.51job.com/beijing-hdq/109565832.html?s=01&t=0,算法工程师,深圳市威富视界有限公司,北京-海淀区,2.5-4万/月,04-30
https://jobs.51job.com/beijing-cpq/98910460.html?s=01&t=0,图像算法工程师,北京华开领航科技有限责任公司,北京-昌平区,2-4万/月,04-30
https://jobs.51job.com/beijing-hdq/112632590.html?s=01&t=0,算法工程师,北京明朝万达科技股份有限公司,北京-海淀区,1.2-2.4万/月,04-30
https://jobs.51job.com/beijing-cyq/109405264.html?s=01&t=0,图像算法专家,北京易泊时代科技有限公司,北京-朝阳区,2-6万/月,04-30
https://jobs.51job.com/beijing-cyq/110132705.html?s=01&t=0,对话系统工程师,恩梯梯数据（中国）信息技术有限公...,北京-朝阳区,2-4万/月,04-30
https://jobs.51job.com/beijing-cyq/110361441.html?s=01&t=0,机器学习算法工程师,北京鑫互联科技有限公司,北京-朝阳区,3-4万/月,04-30
https://jobs.51job.com/beijing-sjsq/94158442.html?s=01&t=0,机器学习工程师,中国司法大数据研究院有限公司,北京-石景山区,1.5-2万/月,04-30
https://jobs.51job.com/beijing/98123467.html?s=01&t=0,博士后,普天信息技术有限公司,北京,1-1.5万/月,04-30
https://jobs.51job.com/beijing-hdq/106847779.html?s=01&t=0,计算机视觉软件工程师,广州笨笨网络科技有限公司,北京-海淀区,1.5-2.5万/月,04-30
https://jobs.51job.com/beijing-hdq/109666383.html?s=01&t=0,算法工程师,金雅拓（北京）智能卡科技有限公司,北京-海淀区,1.5-2.8万/月,04-30
https://jobs.51job.com/beijing-dxq/109484501.html?s=01&t=0,图像算法工程师,北京迈纳士手术机器人技术股份有限...,北京-大兴区,2-4万/月,04-30
https://jobs.51job.com/beijing-tzq/111428383.html?s=01&t=0,视觉工程师,北京当升材料科技股份有限公司,北京-通州区,1-1.5万/月,04-30
https://jobs.51job.com/beijing-cyq/110379391.html?s=01&t=0,大数据分析师,中国企业评价协会,北京-朝阳区,15-30万/年,04-30
https://jobs.51job.com/beijing-cpq/110737406.html?s=01&t=0,高级算法工程师,洛伦兹（北京）科技有限公司,北京-昌平区,3-5万/月,04-30
https://jobs.51job.com/beijing-xcq/109703237.html?s=01&t=0,人工智能业务专家,北京柯莱特科技有限公司,北京-西城区,2.5-3万/月,04-30
https://jobs.51job.com/beijing-cyq/109500608.html?s=01&t=0,计算机视觉算法工程师,北京信驰投资顾问有限公司,北京-朝阳区,1.5-3万/月,04-30
https://jobs.51job.com/beijing/110687425.html?s=01&t=0,视觉算法工程师,龙铁纵横（北京）轨道交通科技股份...,北京,1.5-3万/月,04-30
https://jobs.51job.com/beijing-ftq/112950264.html?s=01&t=0,大数据开发工程师（产品研发）,航天四创科技有限责任公司,北京-丰台区,0.7-1万/月,04-30
https://jobs.51job.com/beijing-hdq/111097638.html?s=01&t=0,自然语言处理实习生,数据堂（北京）科技股份有限公司,北京-海淀区,2-4千/月,04-30
https://jobs.51job.com/kunshan/112362935.html?s=01&t=0,技术合伙人（AI图像方向）,昆山希盟自动化科技有限公司,异地招聘,3-5万/月,04-30
https://jobs.51job.com/beijing-hdq/112172995.html?s=01&t=0,市场总监,方正中期期货有限公司,北京-海淀区,0.8-1万/月,04-30
https://jobs.51job.com/beijing-hdq/110351108.html?s=01&t=0,图像视觉算法工程师,元橡科技（北京）有限公司,北京-海淀区,1.5-3万/月,04-30
https://jobs.51job.com/beijing-cyq/108887789.html?s=01&t=0,高级算法工程师,北京品友互动信息技术股份公司,北京-朝阳区,2.5-4万/月,04-30
https://jobs.51job.com/beijing-hdq/112996377.html?s=01&t=0,平台研发经理,北京声智科技有限公司,北京-海淀区,3-4万/月,04-30
https://jobs.51job.com/beijing-cyq/112973819.html?s=01&t=0,医疗云业务负责人,北京世纪互联宽带数据中心有限公司,北京-朝阳区,1.5千以下/月,04-30
https://jobs.51job.com/beijing-hdq/112968058.html?s=01&t=0,数据挖掘工程师-ASG,北京新意互动数字技术有限公司,北京-海淀区,2-4万/月,04-30
https://jobs.51job.com/beijing-cyq/110519438.html?s=01&t=0,AI行业应用开发软件工程师--慧视公司,中国电子科技集团公司第三研究所,北京-朝阳区,0.8-1万/月,04-30
https://jobs.51job.com/beijing-cyq/112665317.html?s=01&t=0,BIM工程师,北京东方雨虹防水技术股份有限公司,北京-朝阳区,1-1.5万/月,04-29
https://jobs.51job.com/beijing-hdq/109909270.html?s=01&t=0,AI算法工程师,长沙海格北斗信息技术有限公司,北京-海淀区,3-4万/月,04-29
https://jobs.51job.com/beijing-cpq/112147280.html?s=01&t=0,软件开发工程师,昂坤视觉（北京）科技有限公司,北京-昌平区,20-40万/年,04-29
https://jobs.51job.com/beijing-ftq/112195036.html?s=01&t=0,大数据分析与建模工程师,北京新宇合创信息技术有限公司,北京-丰台区,2-3万/月,04-29
https://jobs.51job.com/beijing-cyq/112475741.html?s=01&t=0,软件开发工程师,潜能恒信能源技术股份有限公司,北京-朝阳区,1.2-1.8万/月,04-29
https://jobs.51job.com/beijing-hdq/110858180.html?s=01&t=0,人工智能研究员SBZ26,中国信息通信研究院,北京-海淀区,1.2-1.4万/月,04-29
https://jobs.51job.com/beijing-hdq/112238380.html?s=01&t=0,自然语言处理算法工程师(对话机器人方向）,北京法宣在线科技有限公司,北京-海淀区,2-2.5万/月,04-29
https://jobs.51job.com/beijing-hdq/110558130.html?s=01&t=0,数据分析实习工程师,北京清能互联科技有限公司,北京-海淀区,150元/天,04-29
https://jobs.51job.com/beijing/77807208.html?s=01&t=0,人脸识别算法工程师,天地融科技股份有限公司,北京,1.5-2万/月,04-29
https://jobs.51job.com/beijing/98039047.html?s=01&t=0,图像算法工程师,北京铁道工程机电技术研究所股份有...,北京,1-2万/月,04-29
https://jobs.51job.com/beijing-hdq/104149398.html?s=01&t=0,统计学习开发实习生,北京思路创新科技有限公司,北京-海淀区,3-4.5千/月,04-29
https://jobs.51job.com/beijing-cyq/89746048.html?s=01&t=0,语音识别算法工程师,北京三星通信技术研究有限公司,北京-朝阳区,1.5-2.5万/月,04-29
https://jobs.51job.com/beijing-hdq/109279651.html?s=01&t=0,高级点云算法工程师,北醒（北京）光子科技有限公司,北京-海淀区,1.5-2.5万/月,04-29
https://jobs.51job.com/beijing-ftq/109643875.html?s=01&t=0,技术总监,邦道信息技术有限责任公司,北京-丰台区,1.5-3万/月,04-29
https://jobs.51job.com/beijing-cyq/107994605.html?s=01&t=0,技术支持工程师,成都索贝数码科技股份有限公司,北京-朝阳区,1.2-1.8万/月,04-29
https://jobs.51job.com/beijing-cyq/112913881.html?s=01&t=0,语音算法工程师,北京探境科技有限公司,北京-朝阳区,2-4万/月,04-29
https://jobs.51job.com/beijing-hdq/112802833.html?s=01&t=0,3D人脸算法工程师,智慧眼科技股份有限公司,北京-海淀区,2.5-3万/月,04-29
https://jobs.51job.com/beijing-hdq/103161793.html?s=01&t=0,识别算法工程师,紫光同芯微电子有限公司,北京-海淀区,1.8-3万/月,04-29
https://jobs.51job.com/beijing-hdq/71553025.html?s=01&t=0,算法工程师,阿依瓦（北京）技术有限公司,北京-海淀区,1-2万/月,04-29
https://jobs.51job.com/beijing-cyq/106896227.html?s=01&t=0,博士后工作站（消费金融政策研究方向）,马上消费金融股份有限公司,北京-朝阳区,1.3-2.5万/月,04-29
https://jobs.51job.com/beijing-hdq/108050655.html?s=01&t=0,图像算法工程师(000408),紫光陕数大数据有限公司,北京-海淀区,3-4万/月,04-29
https://jobs.51job.com/beijing-cyq/108886376.html?s=01&t=0,语音识别工程师,麦田春雪科贸（北京）有限公司,北京-朝阳区,3-4万/月,04-29
https://jobs.51job.com/beijing/112752734.html?s=01&t=0,AI产品线-深度学***任工程师,北京思特奇信息技术股份有限公司,北京,1.7-3.5万/月,04-29
https://jobs.51job.com/beijing/108730867.html?s=01&t=0,芯片设计工程师,清华大学微电子学研究所,北京,1.5-3万/月,04-29
https://jobs.51job.com/beijing-ftq/109509098.html?s=01&t=0,Java开发工程师,北京宏远科创软件有限公司,北京-丰台区,1.5-3万/月,04-29
https://jobs.51job.com/tianjin-hpq/112958673.html?s=01&t=0,图像研发中高级工程师(J11013),快助（天津）科技有限公司,异地招聘,3-4万/月,04-29
https://jobs.51job.com/beijing-dcq/112924470.html?s=01&t=0,数据分析师（北京）,厦门市美亚柏科信息股份有限公司,北京-东城区,1-2万/月,04-29
https://jobs.51job.com/beijing-hdq/112923857.html?s=01&t=0,AI工程师,福建福昕软件开发股份有限公司北京...,北京-海淀区,1.2-2.4万/月,04-29
https://jobs.51job.com/beijing-sjsq/107348905.html?s=01&t=0,AI人工智能讲师,北京师大安博教育科技有限责任公司,北京-石景山区,2-2.5万/月,04-29
https://jobs.51job.com/beijing/103117665.html?s=01&t=0,高级图像算法工程师,广东微模式软件股份有限公司,北京,4-7万/月,04-29
https://jobs.51job.com/beijing-dxq/105808419.html?s=01&t=0,算法工程师/人工智能,旭孚（北京）新能源科技有限公司,北京-大兴区,20-30万/年,04-29
https://jobs.51job.com/beijing-cyq/109918083.html?s=01&t=0,海外项目市场专员（底薪8000+绩效奖金+六险一金）,北京丽兹行房地产顾问有限公司-BJ9,北京-朝阳区,1-1.5万/月,04-28
https://jobs.51job.com/beijing-ftq/111905877.html?s=01&t=0,算法工程师,北京融通智慧科技有限公司,北京-丰台区,3-5万/月,04-28
https://jobs.51job.com/beijing/110898992.html?s=01&t=0,视觉感知算法工程师,北京停简单信息技术有限公司,北京,2.5-3万/月,04-28
https://jobs.51job.com/beijing-hdq/112897325.html?s=01&t=0,ARM优化,北京华捷艾米科技有限公司,北京-海淀区,1-2万/月,04-28
https://jobs.51job.com/beijing-hdq/112626939.html?s=01&t=0,Technical Marketing Manager,华夏芯（北京）通用处理器技术有限...,北京-海淀区,2.5-3万/月,04-28
https://jobs.51job.com/beijing-cyq/108864686.html?s=01&t=0,AI算法工程师,北京寻宝天行网络技术有限公司,北京-朝阳区,1-3万/月,04-28
https://jobs.51job.com/beijing-dxq/106409514.html?s=01&t=0,自然语言处理工程师,中金智汇科技有限责任公司,北京-大兴区,1.5-3万/月,04-28
https://jobs.51job.com/beijing-hdq/110580322.html?s=01&t=0,AI算法工程师,上海高重信息科技有限公司,北京-海淀区,3-5万/月,04-28
https://jobs.51job.com/beijing-hdq/112860596.html?s=01&t=0,图像算法工程师,汉王科技股份有限公司,北京-海淀区,1.3-1.7万/月,04-28
https://jobs.51job.com/beijing-hdq/100299684.html?s=01&t=0,NLP 算法开发工程师  北京中技华软科技服务公司,北京中关村中技知识产权服务集团有...,北京-海淀区,20-30万/年,04-28
https://jobs.51job.com/beijing-hdq/111183208.html?s=01&t=0,售前技术支持,北京博校文达科技股份有限公司,北京-海淀区,0.6-1.2万/月,04-28
https://jobs.51job.com/beijing-hdq/110273642.html?s=01&t=0,推荐算法(J11671),作业帮教育科技（北京）有限公司,北京-海淀区,3-4万/月,04-28
https://jobs.51job.com/beijing-cyq/112501254.html?s=01&t=0,图像识别算法工程师,明灏科技（北京）有限公司,北京-朝阳区,1-2万/月,04-28
https://jobs.51job.com/beijing-hdq/112038091.html?s=01&t=0,算法测试工程师,北京快鱼电子股份公司,北京-海淀区,0.8-1.2万/月,04-28
https://jobs.51job.com/beijing-cyq/106193150.html?s=01&t=0,视频编解码专家,北京安奇智联科技有限公司,北京-朝阳区,2-4万/月,04-28
https://jobs.51job.com/beijing-hdq/99261557.html?s=01&t=0,资深合作科学家,慧影医疗科技（北京）有限公司,北京-海淀区,1.5-3万/月,04-28
https://jobs.51job.com/shanghai-pdxq/110710236.html?s=01&t=0,广告算法工程师,北京恩穗企业咨询有限责任公司,异地招聘,3-6万/月,04-28
https://jobs.51job.com/beijing-hdq/112445625.html?s=01&t=0,AI售前工程师,北京雅普兰科技发展有限公司,北京-海淀区,1-1.5万/月,04-28
https://jobs.51job.com/beijing-hdq/111348012.html?s=01&t=0,遥感大数据智能分析研发岗,浙江航天恒嘉数据科技有限公司,北京-海淀区,15-18万/年,04-28
https://jobs.51job.com/beijing-yqq/101757698.html?s=01&t=0,Python讲师,北京书和翰林教育科技有限公司,北京-延庆区,0.8-2万/月,04-28
https://jobs.51job.com/beijing-syq/106279961.html?s=01&t=0,AI算法工程师,中科星图股份有限公司,北京-顺义区,2-3万/月,04-28
https://jobs.51job.com/beijing/112896256.html?s=01&t=0,广告推荐算法工程师,北京一点网聚信息技术有限公司,北京,2-4万/月,04-28
https://jobs.51job.com/beijing-ftq/112884192.html?s=01&t=0,AI产品经理-菊梅医生,微医集团,北京-丰台区,1.5-2万/月,04-28
https://jobs.51job.com/beijing-cyq/109910686.html?s=01&t=0,底薪8000+提成/海外销售顾问/带薪培训,北京丽兹行房地产顾问有限公司-BJ2,北京-朝阳区,1-1.5万/月,04-27
https://jobs.51job.com/beijing-dcq/110829085.html?s=01&t=0,NLP算法工程师,广州探迹科技有限公司,北京-东城区,1.5-3万/月,04-27
https://jobs.51job.com/beijing-hdq/110031860.html?s=01&t=0,工业大数据算法工程师（代招,北京华鑫安盾商贸有限公司,北京-海淀区,1-1.5万/月,04-27
https://jobs.51job.com/beijing/109246668.html?s=01&t=0,科研助理（医学）,北京燕创慈善基金会,北京,3-4.5千/月,04-27
https://jobs.51job.com/beijing-cyq/97439641.html?s=01&t=0,机器视觉工程师,北京海研自动化科技有限公司,北京-朝阳区,0.8-2万/月,04-27
https://jobs.51job.com/beijing-hdq/111085227.html?s=01&t=0,数据挖掘/机器学习工程师,上海欣方智能系统有限公司,北京-海淀区,1.6-3.2万/月,04-27
https://jobs.51job.com/beijing-hdq/112852040.html?s=01&t=0,解决方案工程师,曙光信息产业股份有限公司,北京-海淀区,1-2万/月,04-27
https://jobs.51job.com/beijing-hdq/112847637.html?s=01&t=0,人工智能高级架构师、领域专家,神州数码系统集成服务有限公司上海...,北京-海淀区,30-40万/年,04-27
https://jobs.51job.com/beijing-hdq/112222397.html?s=01&t=0,人工智能经理,爱信诺征信有限公司,北京-海淀区,30-40万/年,04-27
https://jobs.51job.com/beijing-ftq/110013356.html?s=01&t=0,视频数据分析高级工程师,通号通信信息集团有限公司,北京-丰台区,1.5-2万/月,04-27
https://jobs.51job.com/beijing/108332912.html?s=01&t=0,自然语言处理工程师（NLP）,北京万方软件有限公司,北京,1.5-2.5万/月,04-27
https://jobs.51job.com/beijing-cyq/112631909.html?s=01&t=0,算法工程师,北京联合货币兑换股份有限公司,北京-朝阳区,1.5-3万/月,04-26
https://jobs.51job.com/beijing-hdq/111797764.html?s=01&t=0,大数据开发工程师,北京梧桐车联科技有限责任公司,北京-海淀区,25-45万/年,04-26
https://jobs.51job.com/beijing/111026146.html?s=01&t=0,AI（机器学习）技术专家,SYNNEX China,北京,2.5-3万/月,04-26
https://jobs.51job.com/beijing-cyq/107197669.html?s=01&t=0,中级大数据开发工程师,北京亿和博嘉教育科技有限公司,北京-朝阳区,1.5-2.2万/月,04-26
https://jobs.51job.com/beijing-hdq/112223267.html?s=01&t=0,图像算法工程师,上海拿了就走物联网科技有限公司,北京-海淀区,0.8-3万/月,04-26
https://jobs.51job.com/beijing/109996529.html?s=01&t=0,算法工程师,北京亿美软通科技有限公司,北京,1.5-3万/月,04-26
https://jobs.51job.com/beijing-hdq/106581612.html?s=01&t=0,信息处理软件开发助理工程师,中国科学院软件研究所,北京-海淀区,10-25万/年,04-26
https://jobs.51job.com/beijing-hdq/112159712.html?s=01&t=0,目标识别与定位算法工程师,北京布科思科技有限公司,北京-海淀区,2.2-3.3万/月,04-25
https://jobs.51job.com/beijing-ftq/111460032.html?s=01&t=0,Python开发工程师,北京英视睿达科技有限公司,北京-丰台区,1-1.5万/月,04-25
https://jobs.51job.com/beijing-cyq/111063091.html?s=01&t=0,机器学习（NLP）,好大夫在线,北京-朝阳区,3-4万/月,04-25
https://jobs.51job.com/beijing-dxq/110543703.html?s=01&t=0,高级人工智能工程师,北京博大光通物联科技股份有限公司,北京-大兴区,1-2万/月,04-25
https://jobs.51job.com/guangzhou-thq/111036314.html?s=01&t=0,[金融事业部]策略研究员/人工智能,广州亿牛信息科技有限公司,异地招聘,35-70万/年,04-25
https://jobs.51job.com/beijing-hdq/110090821.html?s=01&t=0,测试实习生（北京）,宏达通讯有限公司（HTC）,北京-海淀区,3-4.5千/月,04-25
https://jobs.51job.com/beijing-hdq/111775017.html?s=01&t=0,技术工程师,北京数成嘉业科技有限责任公司,北京-海淀区,0.8-1万/月,04-25
https://jobs.51job.com/beijing-hdq/110260866.html?s=01&t=0,Python高级讲师,北京中公教育科技股份有限公司,北京-海淀区,1-2万/月,04-25
https://jobs.51job.com/beijing-hdq/108910093.html?s=01&t=0,产品经理,江苏新视云科技股份有限公司,北京-海淀区,1.5-2万/月,04-25
https://jobs.51job.com/nanjing-qxq/110724636.html?s=01&t=0,算法工程师,创新奇智（南京）科技有限公司,异地招聘,3-4万/月,04-24
https://jobs.51job.com/beijing-hdq/110897413.html?s=01&t=0,机器学习研发工程师,北京通达信科科技有限公司,北京-海淀区,1-2万/月,04-24
https://jobs.51job.com/beijing-hdq/112760199.html?s=01&t=0,人工智能开发工程师,北京北大软件工程股份有限公司,北京-海淀区,1.5-3.5万/月,04-24
https://jobs.51job.com/beijing-hdq/108988124.html?s=01&t=0,FPGA技术支持工程师-实习生,深圳市依元素科技有限公司,北京-海淀区,5-8千/月,04-24
https://jobs.51job.com/beijing-hdq/112741728.html?s=01&t=0,产品总监（人工智能方向）(J12810),中国高科集团股份有限公司,北京-海淀区,1.5-2万/月,04-24
https://jobs.51job.com/xiamen/108598819.html?s=01&t=0,数学算法工程师,厦门蒙友互联软件有限公司,异地招聘,1-3万/月,04-24
https://jobs.51job.com/beijing-hdq/106603771.html?s=01&t=0,产品经理,优讯时代（北京）网络技术有限公司,北京-海淀区,1-1.5万/月,04-24
https://jobs.51job.com/beijing-cyq/109935400.html?s=01&t=0,数据分析师,长安通信科技有限责任公司,北京-朝阳区,20-30万/年,04-24
https://jobs.51job.com/beijing/109080222.html?s=01&t=0,高级算法工程师(视觉\语言\机器学习),深圳市执行力企业管理顾问有限公司,北京,30-70万/年,04-24
https://jobs.51job.com/beijing-hdq/99666594.html?s=01&t=0,自然语言处理工程师,北京中知智慧科技有限公司,北京-海淀区,0.6-1万/月,04-24
https://jobs.51job.com/shijiazhuang/112783159.html?s=01&t=0,数据挖掘工程师,北京必可测科技股份有限公司,异地招聘,1-2万/月,04-24
https://jobs.51job.com/beijing-hdq/107945543.html?s=01&t=0,AI研发工程师,北京童程童美科技有限公司,北京-海淀区,2-3万/月,04-23
https://jobs.51job.com/shenzhen-lgq/110864766.html?s=01&t=0,研发工程师,比亚迪精密制造有限公司,异地招聘,0.6-1.3万/月,04-23
https://jobs.51job.com/beijing-hdq/112528664.html?s=01&t=0,翻译运营经理,北京飞译网络技术有限公司,北京-海淀区,0.9-1.4万/月,04-23
https://jobs.51job.com/beijing-cyq/101438082.html?s=01&t=0,图像算法工程师（实习生）,北京天睿空间科技股份有限公司,北京-朝阳区,4-8千/月,04-23
https://jobs.51job.com/beijing/110801101.html?s=01&t=0,图像算法工程师,亿阳信通股份有限公司,北京,2-4万/月,04-23
https://jobs.51job.com/beijing-cyq/112471053.html?s=01&t=0,自动驾驶算法研发工程师-规划决策算法方向,北京车和家信息技术有限公司,北京-朝阳区,2-4万/月,04-22
https://jobs.51job.com/beijing-hdq/112674810.html?s=01&t=0,视觉算法工程师,唯思科技（北京）有限公司,北京-海淀区,25-50万/年,04-22
https://jobs.51job.com/beijing-hdq/110657074.html?s=01&t=0,计算机视觉工程师,北京数知科技股份有限公司,北京-海淀区,3-4万/月,04-22
https://jobs.51job.com/beijing-hdq/97235092.html?s=01&t=0,图像处理算法工程师,中科慧远视觉技术（洛阳）有限公司,北京-海淀区,1-2万/月,04-22
https://jobs.51job.com/beijing-hdq/101695109.html?s=01&t=0,软件开发工程师,嘉兴驭光光电科技有限公司,北京-海淀区,1.5-3万/月,04-22
https://jobs.51job.com/beijing-hdq/111743422.html?s=01&t=0,视觉检测系统开发工程师,北京博源恒芯科技股份有限公司,北京-海淀区,1.5-3万/月,04-21
https://jobs.51job.com/beijing-dxq/112664932.html?s=01&t=0,智能图像算法工程师,京东方健康投资管理有限公司,北京-大兴区,1.5-3万/月,04-21
https://jobs.51job.com/beijing-hdq/92528342.html?s=01&t=0,周末软件技术培训师,北京中科信软科技有限公司,北京-海淀区,1500元/天,04-21
https://jobs.51job.com/beijing-cyq/112642059.html?s=01&t=0,29212U-AI团队技术总监（北京）,平安城市建设科技（深圳）有限公司,北京-朝阳区,5-7万/月,04-20
https://jobs.51job.com/beijing-dxq/112609524.html?s=01&t=0,图像算法工程师,北京华晟源医疗科技有限公司,北京-大兴区,1.5-2万/月,04-20
https://jobs.51job.com/beijing-hdq/112607458.html?s=01&t=0,AI算子开发工程师,开放智能机器（上海）有限公司,北京-海淀区,6-8千/月,04-20
https://jobs.51job.com/beijing-dxq/110152267.html?s=01&t=0,人脸识别算法工程师,北京市汇龙新技术有限公司,北京-大兴区,0.8-2万/月,04-20
https://jobs.51job.com/beijing-hdq/106229399.html?s=01&t=0,高级语音算法工程师,北京德才仕科技有限公司,北京-海淀区,2-5万/月,04-19
https://jobs.51job.com/beijing/105362390.html?s=01&t=0,Senior Consultant/Manager-Big Data-Analysis&Information Management-Technology-Consulting-Beijing,德勤华永会计师事务所（特殊普通合...,北京,,04-19
https://jobs.51job.com/beijing-xcq/111739139.html?s=01&t=0,人工智能讲师（语音处理）合伙人,北京福宏宇科技有限公司,北京-西城区,5-6千/月,04-19
https://jobs.51job.com/beijing-cyq/104911286.html?s=01&t=0,NLP算法工程师,北京双泽维度信息技术有限公司,北京-朝阳区,1.2-2.4万/月,04-19
https://jobs.51job.com/beijing-hdq/112580383.html?s=01&t=0,大数据开发工程师（北京、沈阳）,北京科讯世纪科技有限公司,北京-海淀区,0.6-1万/月,04-19
https://jobs.51job.com/beijing-hdq/110361085.html?s=01&t=0,计算机视觉工程师（校招）,北京中科晶上科技股份有限公司,北京-海淀区,0.8-1.6万/月,04-18
https://jobs.51job.com/beijing-hdq/110678022.html?s=01&t=0,架构师 （大数据方向）(001617),北京辰安科技股份有限公司,北京-海淀区,3-4万/月,04-18
https://jobs.51job.com/beijing-hdq/112293094.html?s=01&t=0,机器学习算法工程师,北京悉见科技有限公司,北京-海淀区,2-4万/月,04-17
https://jobs.51job.com/beijing-hdq/108548983.html?s=01&t=0,算法工程师,狐狸金服（北京）信息技术咨询有限...,北京-海淀区,2-3万/月,04-17
https://jobs.51job.com/beijing/110719625.html?s=01&t=0,图像处理算法软件工程师,北京中科戎大科技股份有限公司,北京,2.5-3万/月,04-17
https://jobs.51job.com/beijing-xcq/111993942.html?s=01&t=0,算法工程师,海尔集团公司,北京-西城区,10-15万/年,04-17
https://jobs.51job.com/beijing-cyq/104283209.html?s=01&t=0,Python实习-机器学习方向,寰宇优才教育科技（北京）有限公司,北京-朝阳区,0.8-1万/月,04-17
https://jobs.51job.com/tianjin-jhq/110519394.html?s=01&t=0,AI算法工程师,苏州深析智能科技有限公司天津分公司,异地招聘,1.5-2万/月,04-17
https://jobs.51job.com/beijing-hdq/111446481.html?s=01&t=0,高级机器学习算法工程师,北京的卢深视科技有限公司,北京-海淀区,3.5-5万/月,04-16
https://jobs.51job.com/beijing-cyq/110673001.html?s=01&t=0,AE,北京合润德堂文化传媒有限责任公司,北京-朝阳区,6-8千/月,04-16
https://jobs.51job.com/beijing-cyq/109910734.html?s=01&t=0,内部晋升/海外项目部豪宅顾问,北京丽兹行房地产顾问有限公司-BJ8,北京-朝阳区,1-1.5万/月,04-15
https://jobs.51job.com/beijing/110197611.html?s=01&t=0,大数据售前咨询顾问/售前技术经理,迪思杰（北京）数据管理技术有限公司,北京,1.5-2万/月,04-15
https://jobs.51job.com/beijing-cpq/109332278.html?s=01&t=0,系统工程师（视觉）,北京臻迪机器人有限公司,北京-昌平区,1.5-2万/月,04-15
https://jobs.51job.com/beijing/112402930.html?s=01&t=0,激光雷达算法工程师,国汽（北京）智能网联汽车研究院有...,北京,1.5-3万/月,04-15
https://jobs.51job.com/beijing-cyq/98741416.html?s=01&t=0,大客户经理,浙江企朋网络技术股份有限公司,北京-朝阳区,1-2万/月,04-15
https://jobs.51job.com/shanghai-cnq/104721649.html?s=01&t=0,算法工程师,上海依图网络科技有限公司,异地招聘,1.5-3万/月,04-15
https://jobs.51job.com/beijing-hdq/110637581.html?s=01&t=0,图像处理算法工程师,西安中科创星科技孵化器有限公司,北京-海淀区,1.5-2.5万/月,04-15
https://jobs.51job.com/beijing-cyq/107734465.html?s=01&t=0,数据算法工程师,时趣互动（北京）科技有限公司,北京-朝阳区,1-2万/月,04-14
https://jobs.51job.com/chengdu-chq/112438474.html?s=01&t=0,C++高级开发工程师,全景恒升（北京）科学技术有限公司,异地招聘,1-2.5万/月,04-14
https://jobs.51job.com/beijing/112395791.html?s=01&t=0,高级搜索排序算法工程师1859,OPPO,北京,3-4万/月,04-13
https://jobs.51job.com/beijing-hdq/104084135.html?s=01&t=0,机器学习工程师,北京文泽智远信息技术有限公司,北京-海淀区,1-2.5万/月,04-13
https://jobs.51job.com/hangzhou-xhq/107629239.html?s=01&t=0,机器视觉算法工程师(000956),中移（杭州）信息技术有限公司,异地招聘,2.5-3万/月,04-12
https://jobs.51job.com/beijing-hdq/108446693.html?s=01&t=0,人工智能工程师（智能驾驶）,北京经纬恒润科技有限公司,北京-海淀区,1-1.5万/月,04-12
https://jobs.51job.com/beijing-hdq/110731158.html?s=01&t=0,图像算法工程师,北京依派伟业数码科技有限公司,北京-海淀区,1.5-3万/月,04-12
https://jobs.51job.com/beijing/112438074.html?s=01&t=0,AI算法工程师（研发所）,中国移动通信集团设计院有限公司,北京,,04-10
https://jobs.51job.com/beijing-hdq/112031798.html?s=01&t=0,测试工程师,深圳市文德数慧科技开发有限责任公司,北京-海淀区,0.8-1.2万/月,04-10
https://jobs.51job.com/kunshan/111451637.html?s=01&t=0,视觉算法工程师,昆山星际舟智能科技有限公司,异地招聘,1.3-2.6万/月,04-10
https://jobs.51job.com/beijing-hdq/110030428.html?s=01&t=0,数据分析师,北京博雅大智慧科技有限公司,北京-海淀区,0.8-3万/月,04-09
https://jobs.51job.com/beijing-cpq/108985261.html?s=01&t=0,高级算法工程师,北京完美矩阵智能科技有限公司,北京-昌平区,2-4万/月,04-09
https://jobs.51job.com/qingdao-lsq/104408383.html?s=01&t=0,视频算法工程师,海信网络科技公司,异地招聘,2-2.5万/月,04-09
https://jobs.51job.com/beijing-hdq/108288040.html?s=01&t=0,AI算法工程师,北京明略软件系统有限公司,北京-海淀区,1.5-3.5万/月,04-08
https://jobs.51job.com/beijing-hdq/110838140.html?s=01&t=0,AI产品经理,北京时代云英科技有限公司,北京-海淀区,2-3万/月,04-08
https://jobs.51job.com/shenzhen-nsq/112081744.html?s=01&t=0,智能驾驶舱-SDK软件开发工程师,深圳市商汤科技有限公司,异地招聘,1.5-3万/月,04-08
https://jobs.51job.com/beijing-hdq/102561009.html?s=01&t=0,数据搜索分析开发工程师（产品研发）,HCL Technologies (Shanghai) Lim...,北京-海淀区,2.5-3万/月,04-08
https://jobs.51job.com/beijing-hdq/110240761.html?s=01&t=0,SLAM工程师 (MJ000026),优奈柯恩（北京）科技有限公司,北京-海淀区,2-4万/月,04-08
https://jobs.51job.com/beijing/112246530.html?s=01&t=0,AI技术专家,中央广播电视总台,北京,,04-07
https://jobs.51job.com/beijing-cyq/112244577.html?s=01&t=0,算法工程师/高级工程师,佳能医疗系统（中国）有限公司,北京-朝阳区,1.5-2.5万/月,04-07
https://jobs.51job.com/beijing-cyq/112177567.html?s=01&t=0,图像算法工程师,北京全景视觉网络科技股份有限公司,北京-朝阳区,2-3.5万/月,04-06
https://jobs.51job.com/beijing-hdq/110278103.html?s=01&t=0,AI 算法工程师,恒安嘉新（北京）科技股份公司,北京-海淀区,2.5-3万/月,04-05
https://jobs.51job.com/beijing-hdq/109414101.html?s=01&t=0,研究员/助理研究员（人工智能）,北京华益健康药物研究中心（全球健...,北京-海淀区,1.5千以下/月,04-04
https://jobs.51job.com/beijing/104472734.html?s=01&t=0,人工智能实习生,博奥生物集团有限公司,北京,3-4.5千/月,04-04
https://jobs.51job.com/beijing-cyq/112068438.html?s=01&t=0,光谱分析算法工程师,贝恩讯谱光电科技（北京）股份有限...,北京-朝阳区,1-2.5万/月,04-04
https://jobs.51job.com/beijing-cyq/112245428.html?s=01&t=0,建模分析师,石化盈科信息技术有限责任公司,北京-朝阳区,1-2万/月,04-03
https://jobs.51job.com/beijing/110396166.html?s=01&t=0,微软中国—AI 应用开发,北京迪美策方市场咨询有限公司,北京,1.5-2万/月,04-03
https://jobs.51job.com/beijing/111991344.html?s=01&t=0,Computer Vision Engineer,英特尔（中国）有限公司,北京,,04-02
https://jobs.51job.com/beijing-hdq/103066267.html?s=01&t=0,AI（应届生户口指标）,北京中科大洋科技发展股份有限公司,北京-海淀区,1-2万/月,04-02
https://jobs.51job.com/beijing-hdq/99744521.html?s=01&t=0,Java开发工程师,北京视野金融信息服务有限公司,北京-海淀区,1-2万/月,04-02
https://jobs.51job.com/beijing-hdq/91394309.html?s=01&t=0,自然语言处理工程师J11119,北京北大方正电子有限公司,北京-海淀区,1.5-2万/月,04-02
https://jobs.51job.com/beijing-hdq/110011007.html?s=01&t=0,多模态生物识别算法工程师,北京远鉴科技股份有限公司,北京-海淀区,3-6万/月,04-01
https://jobs.51job.com/beijing-hdq/111719564.html?s=01&t=0,高级图像处理工程师,英泰伟业信息技术股份有限公司,北京-海淀区,2-5万/月,03-31
https://jobs.51job.com/beijing-hdq/100210413.html?s=01&t=0,高级机器学习工程师,北京汇影互联科技有限公司,北京-海淀区,2-3万/月,03-31
http://skyworth.51job.com/sc/show_job_detail.php?jobid=109466900,算法工程师,深圳市酷开网络科技有限公司,北京,2-3.5万/月,03-30
https://jobs.51job.com/beijing/101892564.html?s=01&t=0,客户服务中心-数据分析工程师(J13595),金风科技-风机单元-质控中心,北京,1.5-2万/月,03-29
https://jobs.51job.com/beijing/111866784.html?s=01&t=0,信息安全-软件开发工程师（AI）,北京中油瑞飞信息技术有限责任公司,北京,2-4万/月,03-27
https://jobs.51job.com/beijing-hdq/110823246.html?s=01&t=0,语义分析工程师,北京精准沟通传媒科技股份有限公司,北京-海淀区,1.5-2.5万/月,03-26
https://jobs.51job.com/beijing-hdq/111777269.html?s=01&t=0,算法工程师,北京众荟信息技术股份有限公司,北京-海淀区,2-4万/月,03-26
https://jobs.51job.com/beijing-dxq/100281816.html?s=01&t=0,FPGA芯片研发工程师,北京欣奕华科技有限公司,北京-大兴区,1-2万/月,03-26
https://jobs.51job.com/beijing/109250732.html?s=01&t=0,算法工程师,北京方位捷讯科技有限公司,北京,1.5-2万/月,03-25
https://jobs.51job.com/beijing-hdq/111762051.html?s=01&t=0,智能驾驶舱-C++开发工程师,北京市商汤科技开发有限公司,北京-海淀区,1.5-2.5万/月,03-25
https://jobs.51job.com/beijing-hdq/108579525.html?s=01&t=0,推荐搜索工程师,北京转转精神科技有限责任公司,北京-海淀区,2.5-5万/月,03-25
https://jobs.51job.com/beijing-hdq/107651487.html?s=01&t=0,逻辑工程师（清华大学类脑中心）,北京同方光盘股份有限公司,北京-海淀区,0.8-1万/月,03-25
https://jobs.51job.com/shanghai-xhq/111743728.html?s=01&t=0,软件开发实习生,上海商汤智能科技有限公司,异地招聘,6-8千/月,03-24
https://jobs.51job.com/beijing/111754546.html?s=01&t=0,产品经理(000528),北京荣之联科技股份有限公司,北京,1.5-2.5万/月,03-24
https://jobs.51job.com/beijing/111693812.html?s=01&t=0,研发工程师（总工办）(J11370),绿盟科技,北京,1-2万/月,03-23
https://jobs.51job.com/beijing-hdq/106381684.html?s=01&t=0,机器学习算法工程师,中科博宏（北京）科技有限公司,北京-海淀区,2.5-3万/月,03-22
https://jobs.51job.com/shanghai-ptq/108266725.html?s=01&t=0,算法工程师-北京校招,精硕科技(北京)股份有限公司,异地招聘,1-1.5万/月,03-21
https://jobs.51job.com/beijing-dxq/109165881.html?s=01&t=0,传统文化讲师,北京卓育英才教育科技有限公司,北京-大兴区,6-8千/月,03-21
https://jobs.51job.com/jinan-gxq/111764879.html?s=01&t=0,人工智能 体系结构 并行计算专家,浪潮集团有限公司,异地招聘,3-5万/月,03-21
https://jobs.51job.com/beijing-hdq/106203943.html?s=01&t=0,推荐算法总监,游瑞世纪（北京）管理咨询有限公司,北京-海淀区,6-12万/月,03-20
http://evp.51job.com/ccbfintech/job/index.html?jobid=111757018,人工智能研发岗,建信金融科技有限责任公司,北京,2-3.5万/月,03-20
https://jobs.51job.com/beijing-hdq/109108502.html?s=01&t=0,软件工程师--感知方向-北京,北京智加智行科技有限公司,北京-海淀区,3-5万/月,03-20
https://jobs.51job.com/beijing-hdq/105700632.html?s=01&t=0,算法平台工程师-智能平台,搜狐媒体,北京-海淀区,4-5万/月,03-20
https://jobs.51job.com/beijing-cyq/102349255.html?s=01&t=0,自然语言处理工程师,赛仕软件（北京）有限公司,北京-朝阳区,1-1.5万/月,03-19
https://jobs.51job.com/beijing-xcq/110702641.html?s=01&t=0,语音识别算法工程师,北京慧闻科技发展有限公司,北京-西城区,1.5-2万/月,03-18
https://jobs.51job.com/shanghai-mhq/111533497.html?s=01&t=0,AI算法工程师,上海非夕机器人科技有限公司,异地招聘,4-6万/月,03-18
https://jobs.51job.com/beijing-dxq/111139133.html?s=01&t=0,图像算法工程师,北京金昆瑞达科技有限公司,北京-大兴区,0.5-2万/月,03-18
https://jobs.51job.com/beijing-cpq/111545493.html?s=01&t=0,机器人算法软件研发,南瑞集团有限公司,北京-昌平区,,03-18
https://jobs.51job.com/beijing-hdq/94851960.html?s=01&t=0,图像处理算法工程师（机器学习）,未来（北京）黑科技有限公司,北京-海淀区,1.5-3万/月,03-17
https://jobs.51job.com/beijing/97254308.html?s=01&t=0,软件工程师（图像处理）,北京七星华电科技集团有限责任公司,北京,1.3-2.5万/月,03-16
https://jobs.51job.com/beijing-hdq/111380239.html?s=01&t=0,00056-开发工程师,九坤投资（北京）有限公司,北京-海淀区,2.5-3万/月,03-15
https://jobs.51job.com/beijing-hdq/100951135.html?s=01&t=0,视觉算法工程师,北京先见科技有限公司,北京-海淀区,1.3-2.5万/月,03-15
http://evp.51job.com/ccbfintech/job/index.html?jobid=110731645,人工智能研发工程师/技术专家,建信金融科技有限责任公司 北京事...,北京-西城区,25-80万/年,03-14
https://jobs.51job.com/beijing-hdq/107400538.html?s=01&t=0,算法工程师,北京好脉网络信息技术有限公司,北京-海淀区,2-4万/月,03-12
https://jobs.51job.com/beijing/111210197.html?s=01&t=0,GIS开发工程师,北京舜土规划顾问有限公司,北京,1-1.5万/月,03-11
https://jobs.51job.com/beijing-xcq/111276787.html?s=01&t=0,高级算法工程师,云天弈（北京）信息技术有限公司,北京-西城区,2.3-4万/月,03-11
https://jobs.51job.com/beijing-ftq/96116331.html?s=01&t=0,遥感算法工程师,中科赛诺（北京）科技有限公司,北京-丰台区,1-1.5万/月,03-10
https://jobs.51job.com/beijing-hdq/109252867.html?s=01&t=0,(实习）图像算法工程师,上海迈外迪网络科技有限公司北京分...,北京-海淀区,4.5-6千/月,03-08
https://jobs.51job.com/beijing-hdq/107734558.html?s=01&t=0,图像算法工程师,紫光股份有限公司,北京-海淀区,2.5-3万/月,03-08
https://jobs.51job.com/beijing-cyq/111261754.html?s=01&t=0,算法工程师,长春理想科技信息有限公司,北京-朝阳区,2-4万/月,03-07
https://jobs.51job.com/beijing/109878864.html?s=01&t=0,传感器研发及应用工程师,机械工业仪器仪表综合技术经济研究所,北京,1.5-2万/月,03-07
https://jobs.51job.com/beijing-hdq/110877129.html?s=01&t=0,算法工程师,北京中恒博瑞数字电力科技有限公司,北京-海淀区,0.8-1.5万/月,03-07
https://jobs.51job.com/beijing-cyq/109419626.html?s=01&t=0,AI /并行计算/异构计算算法工程师,上海欢启企业管理咨询有限公司,北京-朝阳区,30-50万/年,03-07
https://jobs.51job.com/jiaxing/107592610.html?s=01&t=0,医学影像人工智能算法工程师,浙江未来技术研究院（嘉兴）,异地招聘,2.5-3万/月,03-06
https://jobs.51job.com/beijing-hdq/104760517.html?s=01&t=0,售前咨询顾问（智慧城市）,北京久其软件股份有限公司,北京-海淀区,1-2万/月,03-06
https://jobs.51job.com/beijing/103308985.html?s=01&t=0,算法工程师,汇中泰德投资有限公司,北京,2.5-4万/月,03-05
https://jobs.51job.com/beijing-ftq/85792318.html?s=01&t=0,机器学习工程师/研究员,北京商高科技有限公司,北京-丰台区,2-2.5万/月,03-04
https://jobs.51job.com/beijing-cyq/100133804.html?s=01&t=0,大数据机器学习高级工程师,北京麦达数字技术服务有限公司,北京-朝阳区,2-3.5万/月,03-01
https://jobs.51job.com/beijing-hdq/111931069.html?s=01&t=0,深度学习讲师,北京网拓时代科技有限公司,北京-海淀区,4000元/天,03-30
https://jobs.51job.com/beijing-sjsq/110555125.html?s=01&t=0,深度学习算法工程师,北京国测星绘信息技术有限公司,北京-石景山区,1.5-2千/月,03-04
https://jobs.51job.com/beijing-hdq/113109663.html?s=01&t=0,大数据研究员,中关村新型城镇大数据技术服务联盟,北京-海淀区,2-3千/月,05-01
https://jobs.51job.com/beijing-dcq/113100134.html?s=01&t=0,技术总监,上海华趣文化发展有限公司,北京-东城区,2-3.5万/年,05-01
https://jobs.51job.com/beijing/108652311.html?s=01&t=0,大数据AI架构师5人,宏图瀛通（广州）人力资源有限公司,北京,180-200万/年,05-01
https://jobs.51job.com/beijing/112995424.html?s=01&t=0,开发工程师-实习生-北京-04708,上海中清龙图网络科技有限公司,北京,120元/天,04-30
https://jobs.51job.com/nanjing/112696005.html?s=01&t=0,风控算法专家,苏宁易购集团股份有限公司,异地招聘,3-4.5千/月,04-30
https://jobs.51job.com/beijing-cyq/110012462.html?s=01&t=0,算法工程师,南京英诺森软件科技有限公司,北京-朝阳区,25-50万/月,04-30
https://jobs.51job.com/beijing/112967410.html?s=01&t=0,算法工程师,北京智山机器人科技有限责任公司,北京,2-3千/月,04-30
https://jobs.51job.com/beijing/112390500.html?s=01&t=0,算法工程师(J10638),北京天融信科技有限公司,北京,4-6千/月,04-28
https://jobs.51job.com/beijing-cyq/105158301.html?s=01&t=0,AI &大数据 首席架构师,北京比财数据科技有限公司,北京-朝阳区,5-7万/月,04-26
https://jobs.51job.com/guangzhou-hzq/112349525.html?s=01&t=0,大数据科学家,广东省广告集团股份有限公司,异地招聘,5-7万/月,04-26
https://jobs.51job.com/beijing/112704436.html?s=01&t=0,AI算法专家（视频智能分析方向）(006320),广联达科技股份有限公司,北京,80-100万/年,04-22
https://jobs.51job.com/beijing-hdq/109648707.html?s=01&t=0,深度算法工程师,苏州仕犇人力资源管理有限公司,北京-海淀区,7-10万/月,03-20
https://jobs.51job.com/beijing-hdq/110271568.html?s=01&t=0,AI 算法工程师,北京波普特科技有限责任公司,北京-海淀区,2-3千/月,03-15
http://pingan.51job.com/sc/show_job_detail.php?jobid=113039072,0221WD-AI算法工程师（应届/实习生）,中国平安人寿保险股份有限公司,北京-石景山区,1-1.5万/月,04-28
https://jobs.51job.com/beijing/109399410.html?s=01&t=0,[ATCC]Big Data TA大数据架构师,埃森哲（中国）有限公司,北京,2.5-6万/月,05-01
https://jobs.51job.com/beijing/112922184.html?s=01&t=0,NLP算法工程师,软通动力信息技术（集团）有限公司,北京,1.2-3万/月,04-29
https://jobs.51job.com/beijing-cyq/111745027.html?s=01&t=0,语音工程师,阳光保险集团股份有限公司,北京-朝阳区,2-2.5万/月,04-25
https://jobs.51job.com/beijing/106169592.html?s=01&t=0,深度学习研发工程师,北京魔门塔科技有限公司,北京,,05-01
https://jobs.51job.com/beijing-cyq/109290675.html?s=01&t=0,11125Z-深度学习分布式高性能研究员,平安科技（深圳）有限公司,北京-朝阳区,1.5千以下/月,05-01
https://jobs.51job.com/beijing/112242195.html?s=01&t=0,阿里妈妈事业部-大规模深度学习推理引擎专家-北京,阿里巴巴集团,北京,,05-01
https://jobs.51job.com/beijing-hdq/108968215.html?s=01&t=0,智能问答-深度学习研究员 (MJ002200),北京搜狗科技发展有限公司,北京-海淀区,3-6万/月,04-30
https://jobs.51job.com/beijing-hdq/107866045.html?s=01&t=0,智能语音-深度学习平台C++开发-北京-02775,北京搜狗科技发展有限公司,北京-海淀区,2.5-4.5万/月,04-30
https://jobs.51job.com/shanghai-pdxq/111407473.html?s=01&t=0,深度学习量化算法工程师,上海赛昉科技有限公司,异地招聘,1-5万/月,04-30
https://jobs.51job.com/beijing-cyq/107074548.html?s=01&t=0,高级深度学习算法工程师 (MJ000018),北京推想科技有限公司,北京-朝阳区,3-6万/月,04-25
https://jobs.51job.com/beijing-cyq/107844921.html?s=01&t=0,深度学习算法研究员,北京推想科技有限公司,北京-朝阳区,1-2万/月,04-25
https://jobs.51job.com/beijing-cyq/107762633.html?s=01&t=0,初级深度学习研发工程师 (MJ000019),北京推想科技有限公司,北京-朝阳区,1.5-2.5万/月,04-25
https://jobs.51job.com/beijing/110110562.html?s=01&t=0,机器学习/深度学习专家,奇虎360科技有限公司,北京,4-5万/月,03-31
https://jobs.51job.com/beijing/107178089.html?s=01&t=0,深度学习算法工程师,奇虎360科技有限公司,北京,3-4万/月,03-31
https://jobs.51job.com/beijing-hdq/111493810.html?s=01&t=0,深度学习系统工程师,中国科学院自动化研究所,北京-海淀区,1-2万/月,03-17
https://jobs.51job.com/beijing-hdq/111493761.html?s=01&t=0,深度学习算法工程师,中国科学院自动化研究所,北京-海淀区,1-2万/月,03-13
https://jobs.51job.com/shanghai/106309066.html?s=01&t=0,深度学习解决方案架构师,英伟达半导体（上海）有限公司(NV...,异地招聘,,03-11
https://jobs.51job.com/shanghai/111238743.html?s=01&t=0,深度学习/高性能计算工程师,英伟达半导体（上海）有限公司(NV...,异地招聘,,03-07
https://jobs.51job.com/beijing/111238525.html?s=01&t=0,深度学习/高性能计算工程师,英伟达半导体（上海）有限公司(NV...,北京,,03-07
https://jobs.51job.com/beijing-hdq/104889898.html?s=01&t=0,项目工程师（公路养护决策咨询）,中公高科养护科技股份有限公司,北京-海淀区,6-8千/月,05-01
https://jobs.51job.com/beijing-hdq/113059744.html?s=01&t=0,高级图像算法工程师,湖北微模式科技发展有限公司,北京-海淀区,4-7万/月,05-01
https://jobs.51job.com/beijing/112713611.html?s=01&t=0,006 研发实习生-嵌入式方向,ABB(中国)有限公司,北京,,05-01
https://jobs.51job.com/beijing/112712852.html?s=01&t=0,002 研发实习生-语音识别算法方向,ABB(中国)有限公司,北京,,05-01
https://jobs.51job.com/beijing/112712731.html?s=01&t=0,001 研发实习生-图像识别算法方向,ABB(中国)有限公司,北京,,05-01
https://jobs.51job.com/beijing/112712621.html?s=01&t=0,研发实习生-图像识别算法方向,ABB(中国)有限公司,北京,,05-01
https://jobs.51job.com/beijing-hdq/112396145.html?s=01&t=0,安全研究员实习生,中电长城网际系统应用有限公司,北京-海淀区,3-4.5千/月,05-01
https://jobs.51job.com/beijing/111615341.html?s=01&t=0,爱迪生工程技术培训项目（EEDP-EID)-北京/无锡,GE中国,北京,,05-01
https://jobs.51job.com/beijing/110801664.html?s=01&t=0,自然语言处理算法实习生,软件开发,北京,,05-01
https://jobs.51job.com/beijing/110801575.html?s=01&t=0,图像算法性能优化实习生,软件开发,北京,,05-01
https://jobs.51job.com/beijing/110715477.html?s=01&t=0,安全技术研发岗,中国移动通信集团设计院有限公司,北京,,05-01
https://jobs.51job.com/beijing/106284848.html?s=01&t=0,数据科学家,新奥集团2019 校园- 象新力招聘项目,北京,,05-01
https://jobs.51job.com/beijing/106257180.html?s=01&t=0,算法工程师,新奥集团2019 校园- 象新力招聘项目,北京,,05-01
https://jobs.51job.com/beijing/106171277.html?s=01&t=0,数据研发工程师（实习生、全职）,北京魔门塔科技有限公司,北京,,05-01
https://jobs.51job.com/beijing/106171211.html?s=01&t=0,C++实习生,北京魔门塔科技有限公司,北京,,05-01
https://jobs.51job.com/beijing/106171110.html?s=01&t=0,高性能计算工程师（实习生、全职）,北京魔门塔科技有限公司,北京,,05-01
https://jobs.51job.com/beijing/106170611.html?s=01&t=0,Python开发工程师,北京魔门塔科技有限公司,北京,,05-01
https://jobs.51job.com/beijing/106170097.html?s=01&t=0,视觉算法研发实习生,北京魔门塔科技有限公司,北京,,05-01
https://jobs.51job.com/beijing/106169529.html?s=01&t=0,视觉算法工程师（实习、全职）,北京魔门塔科技有限公司,北京,,05-01
https://jobs.51job.com/beijing/106169436.html?s=01&t=0,视觉算法工程师（3D）（北京）,北京魔门塔科技有限公司,北京,,05-01
https://jobs.51job.com/beijing/106168857.html?s=01&t=0,c++开发工程师,北京魔门塔科技有限公司,北京,,05-01
https://jobs.51job.com/beijing/106168198.html?s=01&t=0,高精地图算法实习生,北京魔门塔科技有限公司,北京,,05-01
https://jobs.51job.com/beijing/106167945.html?s=01&t=0,Lidar感知算法实习生,北京魔门塔科技有限公司,北京,,05-01
https://jobs.51job.com/hangzhou-xhq/109333067.html?s=01&t=0,人工智能自然语言处理（NLP）算法工程师/专家,vivo智能手机（维沃移动通信有限公...,异地招聘,3-4万/月,05-01
https://jobs.51job.com/beijing/109123272.html?s=01&t=0,推荐算法工程师（北京）,vivo智能手机（维沃移动通信有限公...,北京,2.5-5万/月,05-01
https://jobs.51job.com/beijing-hdq/107543706.html?s=01&t=0,人工智能算法实习生,vivo智能手机（维沃移动通信有限公...,北京-海淀区,4.5-6千/月,05-01
https://jobs.51job.com/beijing/112318394.html?s=01&t=0,图像视觉算法工程师,奇虎360科技有限公司,北京,3-4万/月,05-01
https://jobs.51job.com/beijing/112694326.html?s=01&t=0,算法工程师,奇虎360科技有限公司,北京,2-2.5万/月,05-01
https://jobs.51job.com/beijing-hdq/107863658.html?s=01&t=0,搜狗金融-风控算法工程师-北京-02176,北京搜狗科技发展有限公司,北京-海淀区,3-5万/月,05-01
https://jobs.51job.com/beijing/112282021.html?s=01&t=0,智能/无人驾驶adas研发,上海奕见企业管理咨询有限公司,北京,5-7万/月,05-01
https://jobs.51job.com/ningbo-yzq/110886105.html?s=01&t=0,软件开发项目经理,苏州中科先进技术研究院有限公司,异地招聘,1.5-6万/月,05-01
https://jobs.51job.com/beijing/112095677.html?s=01&t=0,算法工程师,完美世界（北京）总部/完美时空,北京,1-1.5万/月,05-01
https://jobs.51job.com/beijing-cyq/111674038.html?s=01&t=0,11219Q-嵌入式软件工程师,平安科技（深圳）有限公司,北京-朝阳区,2-2.5万/月,05-01
https://jobs.51job.com/beijing/98056858.html?s=01&t=0,高德-Android/Linux系统软件专家-车联网,阿里巴巴集团,北京,,05-01
https://jobs.51job.com/beijing/106976347.html?s=01&t=0,高德-高级评测算法专家,阿里巴巴集团,北京,,05-01
https://jobs.51job.com/beijing/107590019.html?s=01&t=0,高德-算法专家（地图业务）,阿里巴巴集团,北京,,05-01
https://jobs.51job.com/beijing/110046089.html?s=01&t=0,UC事业部-算法平台研发专家,阿里巴巴集团,北京,,05-01
https://jobs.51job.com/beijing/111660319.html?s=01&t=0,阿里文娱-图像/音视频算法专家,阿里巴巴集团,北京,,05-01
https://jobs.51job.com/beijing/111544592.html?s=01&t=0,文娱-数据挖掘专家-北京,阿里巴巴集团,北京,,05-01
https://jobs.51job.com/beijing/111910979.html?s=01&t=0,UC事业部-推荐算法专家/高级专家-国内信息流（AC）,阿里巴巴集团,北京,,05-01
https://jobs.51job.com/beijing/112173648.html?s=01&t=0,阿里集团-风险能力中台-算法专家-北京/杭州,阿里巴巴集团,北京,,05-01
https://jobs.51job.com/beijing/112223352.html?s=01&t=0,UC事业部-高级搜索推荐算法专家/资深专家-国内信息流,阿里巴巴集团,北京,,05-01
https://jobs.51job.com/beijing/112234830.html?s=01&t=0,阿里妈妈事业部-算法专家(精准定向广告)-北京,阿里巴巴集团,北京,,05-01
https://jobs.51job.com/beijing/112242198.html?s=01&t=0,阿里妈妈事业部-大数据开发（工程平台）-北京,阿里巴巴集团,北京,,05-01
https://jobs.51job.com/beijing/112226256.html?s=01&t=0,高德-数据算法专家,阿里巴巴集团,北京,,05-01
https://jobs.51job.com/beijing/112460925.html?s=01&t=0,供应链平台事业部-智能硬件系统开发专家-北京,阿里巴巴集团,北京,,05-01
https://jobs.51job.com/beijing/112496320.html?s=01&t=0,阿里云智能事业群-视频技术专家-北京/杭州/上海,阿里巴巴集团,北京,,05-01
https://jobs.51job.com/beijing/112918778.html?s=01&t=0,阿里云智能事业群-技术专家 (视频AI应用)-杭州/北京,阿里巴巴集团,北京,,05-01
http://career.h3c.com/sc/show_job_detail.php?jobid=104229980,研究员,新华三技术有限公司,北京,1.5-2万/月,05-01
https://jobs.51job.com/beijing/112408708.html?s=01&t=0,27730-推荐算法工程师,深圳市腾讯计算机系统有限公司,北京,,05-01
https://jobs.51job.com/beijing/112408725.html?s=01&t=0,27730-短视频个性化推荐算法工程师,深圳市腾讯计算机系统有限公司,北京,,05-01
https://jobs.51job.com/beijing/112786307.html?s=01&t=0,PCG19-用户增长基础算法工程师,深圳市腾讯计算机系统有限公司,北京,,05-01
https://jobs.51job.com/beijing/112737237.html?s=01&t=0,TEG11-视频内容理解高级工程师(北京）,深圳市腾讯计算机系统有限公司,北京,,05-01
https://jobs.51job.com/beijing/112963099.html?s=01&t=0,CSIG16-腾讯自动驾驶云平台数据挖掘工程师,深圳市腾讯计算机系统有限公司,北京,,05-01
https://jobs.51job.com/beijing/112963097.html?s=01&t=0,WXG08-121 微信小程序商业算法工程师(广州/北京),深圳市腾讯计算机系统有限公司,北京,,05-01
https://jobs.51job.com/beijing-cyq/112974042.html?s=01&t=0,测试开发工程师,美团点评,北京-朝阳区,2.5-3万/月,05-01
https://jobs.51job.com/beijing-cyq/112973892.html?s=01&t=0,测试开发专家,美团点评,北京-朝阳区,2.5-3万/月,05-01
https://jobs.51job.com/beijing/111758209.html?s=01&t=0,图像算法实习生,北明智通（北京）科技有限公司,北京,6-8千/月,05-01
https://jobs.51job.com/beijing-hdq/111160755.html?s=01&t=0,图像算法工程师-HXY,北京四维图新科技股份有限公司,北京-海淀区,1.5-2.5万/月,05-01
https://jobs.51job.com/beijing-hdq/111160708.html?s=01&t=0,图像算法工程师-HXY,北京四维图新科技股份有限公司,北京-海淀区,1.5-2.5万/月,05-01
https://jobs.51job.com/beijing-hdq/111159990.html?s=01&t=0,视觉算法工程师-HXY,北京四维图新科技股份有限公司,北京-海淀区,1.5-2万/月,05-01
https://jobs.51job.com/beijing/112642587.html?s=01&t=0,NLP算法工程师 - 广告系统,字节跳动,北京,2.5-5万/月,04-30
https://jobs.51job.com/beijing/112096119.html?s=01&t=0,音频研发工程师 - 抖音短视频,字节跳动,北京,2.5-5万/月,04-30
https://jobs.51job.com/beijing/111615683.html?s=01&t=0,推荐算法实习生,字节跳动,北京,6-8千/月,04-30
https://jobs.51job.com/beijing/111615682.html?s=01&t=0,搜索算法实习生,字节跳动,北京,6-8千/月,04-30
https://jobs.51job.com/beijing/110529676.html?s=01&t=0,音频研发实习生 - 抖音短视频,字节跳动,北京,0.6-1万/月,04-30
https://jobs.51job.com/beijing/110438577.html?s=01&t=0,三维视觉实习生 - AI Lab（可转正）,字节跳动,北京,4-8千/月,04-30
https://jobs.51job.com/beijing/110286963.html?s=01&t=0,AML机器学习平台开发实习生（可转正）,字节跳动,北京,3-6千/月,04-30
https://jobs.51job.com/beijing/109955471.html?s=01&t=0,视频算法实习生 - 有转正机会,字节跳动,北京,0.6-1万/月,04-30
https://jobs.51job.com/beijing/109694292.html?s=01&t=0,高级运维工程师,字节跳动,北京,2-4万/月,04-30
https://jobs.51job.com/beijing/109694287.html?s=01&t=0,高级后端研发工程师 - 平台研发,字节跳动,北京,2.5-5万/月,04-30
https://jobs.51job.com/beijing/109415489.html?s=01&t=0,搜索算法工程师,字节跳动,北京,2.5-5万/月,04-30
https://jobs.51job.com/beijing/109257789.html?s=01&t=0,高级图像算法研发工程师 - 视频增强方向,字节跳动,北京,3.5-7万/月,04-30
https://jobs.51job.com/beijing/109257787.html?s=01&t=0,高性能计算架构开发工程师 - 抖音短视频,字节跳动,北京,3.5-7万/月,04-30
https://jobs.51job.com/beijing/108988381.html?s=01&t=0,算法工程师--流调度方向,字节跳动,北京,2.5-5万/月,04-30
https://jobs.51job.com/beijing/108988380.html?s=01&t=0,机器学习实习生-音视频,字节跳动,北京,0.8-1万/月,04-30
https://jobs.51job.com/beijing/108923629.html?s=01&t=0,NLP算法工程师 - 意图理解,字节跳动,北京,2.5-3.5万/月,04-30
https://jobs.51job.com/beijing/108474632.html?s=01&t=0,语音算法工程师 - 音频内容理解与AI创作方向,字节跳动,北京,2-4万/月,04-30
https://jobs.51job.com/beijing/108474629.html?s=01&t=0,后端研发工程师 - AI Lab,字节跳动,北京,2-4万/月,04-30
https://jobs.51job.com/beijing/108002321.html?s=01&t=0,算法工程师 - NLP,字节跳动,北京,2-3万/月,04-30
https://jobs.51job.com/beijing/107129560.html?s=01&t=0,自然语言处理(NLP)算法实习生,字节跳动,北京,4-8千/月,04-30
https://jobs.51job.com/beijing/105082882.html?s=01&t=0,视频产品经理 - 搜索方向,字节跳动,北京,1.5-3万/月,04-30
https://jobs.51job.com/beijing/104917900.html?s=01&t=0,算法负责人,字节跳动,北京,3.5-5.5万/月,04-30
https://jobs.51job.com/beijing/104723016.html?s=01&t=0,NLP算法工程师 - 知识图谱,字节跳动,北京,2.5-5万/月,04-30
https://jobs.51job.com/beijing/104621665.html?s=01&t=0,AML机器学习平台架构工程师,字节跳动,北京,2.5-5万/月,04-30
https://jobs.51job.com/beijing/104618786.html?s=01&t=0,AML机器学习平台研发工程师,字节跳动,北京,2.5-5万/月,04-30
https://jobs.51job.com/beijing/104618785.html?s=01&t=0,AML机器学习平台SRE工程师,字节跳动,北京,2.5-5万/月,04-30
https://jobs.51job.com/beijing/103439217.html?s=01&t=0,AML(applied machine learning)推荐算法研究员,字节跳动,北京,3.5-6万/月,04-30
https://jobs.51job.com/beijing/103439121.html?s=01&t=0,AML(applied machine learning)算法工程师,字节跳动,北京,3.5-6万/月,04-30
https://jobs.51job.com/beijing/100364687.html?s=01&t=0,图像算法高级工程师,字节跳动,北京,2.5-5万/月,04-30
https://jobs.51job.com/beijing/110738014.html?s=01&t=0,机器翻译算法工程师（MT）,北京捷通华声科技股份有限公司,北京,2-4万/月,04-30
https://jobs.51job.com/beijing/110737835.html?s=01&t=0,自然语言处理算法工程师（NLP）,北京捷通华声科技股份有限公司,北京,2-4万/月,04-30
https://jobs.51job.com/beijing/110722358.html?s=01&t=0,文本大数据分析算法工程师（BDA）,北京捷通华声科技股份有限公司,北京,2-4万/月,04-30
https://jobs.51job.com/beijing/110709302.html?s=01&t=0,计算机视觉算法专家（视频分析）,北京捷通华声科技股份有限公司,北京,4-8万/月,04-30
https://jobs.51job.com/beijing/110708540.html?s=01&t=0,语音识别算法专家（ASR）,北京捷通华声科技股份有限公司,北京,4-8万/月,04-30
https://jobs.51job.com/beijing/110708460.html?s=01&t=0,语音合成算法专家（TTS）,北京捷通华声科技股份有限公司,北京,4-8万/月,04-30
https://jobs.51job.com/beijing/110708300.html?s=01&t=0,C/C++引擎开发工程师,北京捷通华声科技股份有限公司,北京,1.5-3万/月,04-30
https://jobs.51job.com/beijing/110698687.html?s=01&t=0,算法开发工程师（C++),北京捷通华声科技股份有限公司,北京,2-4万/月,04-30
https://jobs.51job.com/beijing/110694091.html?s=01&t=0,数据处理工程师,北京捷通华声科技股份有限公司,北京,1.5-2.5万/月,04-30
https://jobs.51job.com/beijing/110692805.html?s=01&t=0,产品助理（动力中心）,北京捷通华声科技股份有限公司,北京,1.5-2.5万/月,04-30
